{"cameraMode":{"drawMode":0,"name":"Shaded","section":"Shading Mode"},"sceneLighting":true,"audioPlay":false,"sceneViewState":{"showFog":true,"showMaterialUpdate":false,"showSkybox":true,"showFlares":true,"showImageEffects":true,"showParticleSystems":true},"in2DMode":false,"pivot":{"x":-24.994037628173829,"y":-1.9738259315490723,"z":-9.188150405883789},"rotation":{"x":0.07143110781908035,"y":0.9110878109931946,"z":-0.36464202404022219,"w":0.17847397923469544},"size":74.81271362304688,"orthographic":false}