{"cameraMode":{"drawMode":0,"name":"Shaded","section":"Shading Mode"},"sceneLighting":false,"audioPlay":false,"sceneViewState":{"showFog":true,"showMaterialUpdate":false,"showSkybox":false,"showFlares":true,"showImageEffects":true,"showParticleSystems":true},"in2DMode":false,"pivot":{"x":-38.15312194824219,"y":-1.6476788520812989,"z":-9.172367095947266},"rotation":{"x":0.03360840305685997,"y":-0.9460810422897339,"z":0.10430844873189926,"w":0.30482932925224306},"size":0.6602040529251099,"orthographic":false}