{"cameraMode":{"drawMode":0,"name":"Shaded","section":"Shading Mode"},"sceneLighting":true,"audioPlay":false,"sceneViewState":{"showFog":true,"showMaterialUpdate":false,"showSkybox":true,"showFlares":true,"showImageEffects":true,"showParticleSystems":true},"in2DMode":false,"pivot":{"x":-23.63203239440918,"y":-2.5913493633270265,"z":-13.522146224975586},"rotation":{"x":-0.009265527129173279,"y":0.9110124707221985,"z":-0.020499657839536668,"w":-0.4117649495601654},"size":7.410827159881592,"orthographic":false}