{"cameraMode":{"drawMode":0,"name":"Shaded","section":"Shading Mode"},"sceneLighting":true,"audioPlay":false,"sceneViewState":{"showFog":true,"showMaterialUpdate":false,"showSkybox":true,"showFlares":true,"showImageEffects":true,"showParticleSystems":true},"in2DMode":false,"pivot":{"x":-15.12653923034668,"y":-1.906266450881958,"z":-9.278749465942383},"rotation":{"x":0.1672358214855194,"y":-0.7645809054374695,"z":0.21952778100967408,"w":0.5824567675590515},"size":0.22052079439163209,"orthographic":false}