{"cameraMode":{"drawMode":0,"name":"Shaded","section":"Shading Mode"},"sceneLighting":false,"audioPlay":false,"sceneViewState":{"showFog":true,"showMaterialUpdate":false,"showSkybox":false,"showFlares":true,"showImageEffects":true,"showParticleSystems":true},"in2DMode":false,"pivot":{"x":-5.500000476837158,"y":0.44929176568984988,"z":11.00000286102295},"rotation":{"x":0.21166269481182099,"y":0.07410098612308502,"z":-0.0160965658724308,"w":0.9743966460227966},"size":1.7194318771362305,"orthographic":false}