{"cameraMode":{"drawMode":0,"name":"Shaded","section":"Shading Mode"},"sceneLighting":false,"audioPlay":false,"sceneViewState":{"showFog":true,"showMaterialUpdate":false,"showSkybox":false,"showFlares":true,"showImageEffects":true,"showParticleSystems":true},"in2DMode":false,"pivot":{"x":-4.120377063751221,"y":3.783174720726806e-17,"z":2.8296210765838625},"rotation":{"x":-0.253490686416626,"y":0.46809709072113039,"z":-0.14218886196613313,"w":-0.8345118165016174},"size":0.6884249448776245,"orthographic":false}